team,last_14_runs_scored,last_14_runs_allowed,bullpen_era_14d,data_min,data_cutoff
Arizona Diamondbacks,64,56,5.672,2025-03-18,2026-09-30
Athletics,42,76,5.471,2025-03-18,2026-09-30
Atlanta Braves,45,42,3.827,2025-03-18,2026-09-30
Baltimore Orioles,37,26,3.068,2025-03-18,2026-09-30
Boston Red Sox,24,41,3.375,2025-03-18,2026-09-30
Chicago Cubs,41,41,3.504,2025-03-18,2026-09-30
Chicago White Sox,74,52,4.295,2025-03-18,2026-09-30
Cincinnati Reds,41,49,3.108,2025-03-18,2026-09-30
Cleveland Guardians,53,32,2.000,2025-03-18,2026-09-30
Colorado Rockies,40,68,3.240,2025-03-18,2026-09-30
Detroit Tigers,41,50,3.466,2025-03-18,2026-09-30
Houston Astros,64,48,3.837,2025-03-18,2026-09-30
Kansas City Royals,54,78,6.090,2025-03-18,2026-09-30
Los Angeles Angels,43,67,6.525,2025-03-18,2026-09-30
Los Angeles Dodgers,52,28,1.906,2025-03-18,2026-09-30
Miami Marlins,38,42,4.677,2025-03-18,2026-09-30
Milwaukee Brewers,49,34,2.455,2025-03-18,2026-09-30
Minnesota Twins,52,36,2.328,2025-03-18,2026-09-30
New York Mets,50,45,2.854,2025-03-18,2026-09-30
New York Yankees,55,45,3.293,2025-03-18,2026-09-30
Philadelphia Phillies,38,53,6.165,2025-03-18,2026-09-30
Pittsburgh Pirates,48,42,3.355,2025-03-18,2026-09-30
San Diego Padres,80,48,2.959,2025-03-18,2026-09-30
San Francisco Giants,26,46,4.368,2025-03-18,2026-09-30
Seattle Mariners,47,44,3.793,2025-03-18,2026-09-30
St. Louis Cardinals,32,48,2.042,2025-03-18,2026-09-30
Tampa Bay Rays,52,36,2.543,2025-03-18,2026-09-30
Texas Rangers,45,49,4.263,2025-03-18,2026-09-30
Toronto Blue Jays,34,39,1.390,2025-03-18,2026-09-30
Washington Nationals,43,43,3.457,2025-03-18,2026-09-30
